object_id,norad_id,cospar_id,discos_name,object_class,mission,mass_kg,shape,length_m,height_m,depth_m,diameter_m,span_m,x_sect_max_m2,x_sect_min_m2,x_sect_avg_m2,destination_orbit_count,destination_orbit_id
900,900,1964-063C,Calsphere 1,Payload,Defense Calibration,0.99,Sphere,,,,0.36,0.36,0.10178760197630929,0.10178760197630929,0.10178760197630929,0,
902,902,1964-063E,Calsphere 2,Payload,Defense Calibration,9.71,Sphere,,0.36,0.36,,0.36,0.1018,0.1018,0.1018,0,
1361,1361,1965-034C,LCS 1,Payload,Defense Calibration,33.7,Sphere,,1.13,1.13,,1.13,1.0029,1.0029,1.0029,0,
1512,1512,1965-065E,Tempsat 1,Payload,Defense Calibration,8.92,Sphere,,0.36,0.36,,0.36,0.1018,0.1018,0.1018,0,
1520,1520,1965-065H,Calsphere 4,Payload,Defense Calibration,4.0,Sphere,,0.4,0.4,,0.4,0.1257,0.1257,0.1257,0,
2826,2826,1967-053A,OPS 5712 payload 160 (Calsphere IV),Payload,Defense Calibration,5.0,Sphere,,0.51,0.51,,0.51,0.2043,0.2043,0.2043,0,
2866,2866,1967-066E,LES 5,Payload,Defense Communications,102.0,Cyl,,1.7,,1.2,1.7,2.3325309709371878,1.1309733552923256,2.1676989309769574,0,
2872,2872,1967-053F,Surcal 159 (Calsphere III),Payload,Defense Calibration,3.0,Sphere,,0.4,0.4,,0.4,0.1257,0.1257,0.1257,0,
2874,2874,1967-053H,OPS 5712 payload 153 (NRL PL153),Payload,Defense Sigint,77.0,Ell + 1 Ant,,0.8,0.7,,18.0,2.53936220666823,0.38484510006474965,1.3989837709914554,0,
5203,5204,1971-039A,"OPS 3811 (DSP F2, DSP 3, DSP Block 1(PHASE I) F2)",Payload,Defense Early Warn,860.0,Cyl + 4 Pan,,6.9,,2.8,7.4,40.88591162685677,6.157521601035993,25.182519984023365,0,
5396,5398,1971-067E,Rigid Sphere 2 (LCS 4),Payload,Civil Science,38.0,Sphere,,1.0,1.0,,1.0,0.7854,0.7854,0.7854,0,
7528,7530,1974-089B,OSCAR 7,Payload,Amateur Communications,28.74,Cyl,,0.43,,0.42,0.43,0.2276200020544824,0.13854423602330987,0.21111502632123408,0,
7644,7646,1975-010A,Starlette,Payload,Civil Geodetic,46.58,Sphere,,0.26,0.26,,0.26,0.0531,0.0531,0.0531,0,
8818,8820,1976-039A,Lageos 1,Payload,Civil Geodetic,411.0,Sphere,,0.6,0.6,,0.6,0.2827,0.2827,0.2827,0,
13083,13086,1982-019A,"OPS 8701 (DSP F10, DSP 13, DSP Block 3(MOS/PIM) F10)",Payload,Defense Early Warn,811.69,Cyl + 4 Pan,,7.1,,3.0,7.5,44.04265722866011,7.0685834705770345,27.525272615654163,0,
14126,14129,1983-058B,OSCAR 10,Payload,Amateur Communications,89.2,Cyl + 3 Pan,,1.3,,0.4,1.3,0.5349685664053011,0.12566370614359174,0.47123889803846897,0,
14778,14781,1984-021B,UoSAT 2,Payload,Commercial Communications,59.46,Hex Poly,,0.36,0.36,,0.58,0.2244737846609265,0.1017876019763093,0.14809380098815467,0,
16905,16908,1986-061A,Ajisai,Payload,Civil Geodetic,678.89,Sphere,,2.15,2.15,,2.15,3.6305,3.6305,3.6305,0,
19545,19548,1988-091B,TDRS 3,Payload,Civil Communications,2247.77,Hex Cyl + 2 Pan,,1.3,,2.4,17.4,33.671884173236606,2.701999259807449,13.873414872174386,0,
19748,19751,1989-001C,Cosmos-1989,Payload,Defense Geodetic,1402.38,Sphere,,1.29,1.29,,1.29,1.307,1.307,1.307,0,
20023,20026,1989-039C,Cosmos-2024 (Etalon 2),Payload,Defense Geodetic,1402.38,Sphere,,1.29,1.29,,1.29,1.307,1.307,1.307,0,
20250,20253,1989-077A,USA 46 (FLTSATCOM F8),Payload,Defense Communications,1928.0,Hex Cyl + 1 Dish + 2 Pan,,1.3,,2.4,13.2,25.60778475437977,2.701999259807449,11.171414872174385,0,
20439,20442,1990-005G,LUsat,Payload,Amateur Communications,10.9,Box,,0.23,0.23,,0.23,0.09162548772039361,0.0529,0.07935,0,
20577,20580,1990-037B,Hubble Space Telescope,Payload,Civil Astronomy,11258.67,Cyl + 2 Pan,,13.1,,4.3,13.1,58.17179500174723,14.522012041218817,51.502484564787665,0,
20773,20776,1990-079A,Skynet 4C,Payload,Defense Communications,782.95,Hex Poly + 2 Pan,,1.9,1.4,,2.1,5.026143245463273,1.5393804002589986,3.04950085350374,0,
20926,20929,1990-095A,DSP 15,Payload,Defense Early Warn,2338.95,Cyl + 1 Pan,,10.0,,3.3,11.5,38.050489968048105,8.55298599939821,31.5284323918149,0,
21636,21639,1991-054B,TDRS 5,Payload,Civil Communications,2247.77,Hex Cyl + 2 Pan,,1.3,,2.4,17.4,33.671884173236606,2.701999259807449,13.873414872174386,0,
21802,21805,1991-080B,DSP 16,Payload,Defense Early Warn,2338.95,Cyl + 1 Pan,,10.0,,3.3,11.5,38.050489968048105,8.55298599939821,31.5284323918149,0,
22192,22195,1992-070B,LAGEOS 2,Payload,Civil Geodetic,405.0,Sphere,,0.6,0.6,,0.6,0.2827,0.2827,0.2827,0,
22311,22314,1993-003B,TDRS 6,Payload,Civil Communications,2511.4,Hex Cyl + 2 Pan,,1.3,,2.4,17.4,33.671884173236606,2.701999259807449,13.873414872174386,0,
22487,22490,1993-009B,SCD-1,Payload,Civil Communications,113.97,Oct Cyl,,0.72,,1.0,1.0,1.0091580649234293,0.6651932634081265,0.904617533199003,0,
22784,22787,1993-056A,USA 95 (UFO F2),Payload,Defense Communications,1267.59,Hex Poly + 2 Pan,,3.39,7.04,,18.31,123.43521087745626,18.743998408378143,58.81043193054599,0,
22821,22824,1993-061B,Stella,Payload,Civil Geodetic,47.57,Sphere,,0.24,0.24,,0.24,0.0452,0.0452,0.0452,0,
22822,22825,1993-061C,Eyesat 1,Payload,Commercial Communications,12.0,Box,,0.3,0.3,,0.3,0.15588457268119896,0.09,0.135,0,
22672,22675,1993-036A,Cosmos-2251,Payload,Defense Communications,900.0,Cyl,,3.0,,2.0,3.0,6.772710269979764,3.141592653589793,6.283185307179586,0,
22823,22826,1993-061D,HealthSat-II,Payload,Commercial Communications,50.0,Box + 1 Ant,,0.6,0.4,,6.5,1.0106952974174894,0.16000000000000003,0.5966666666666667,0,
22985,22988,1994-009A,USA 99 (Milstar DFS-1),Payload,Defense Communications,4500.0,Box + 1 Truss + 2 Dish + 2 Pan,,15.5,4.0,,35.0,188.32962483950456,16.0,103.19133333333333,0,
23436,23439,1994-085A,Radio Rosto,Payload,Civil Communications,69.38,Sphere,,,,1.0,,0.7853981633974483,0.7853981633974483,0.7853981633974483,0,
23464,23467,1995-003A,USA 108 (UFO F4),Payload,Defense Communications,1349.85,Hex Poly + 2 Pan,,3.39,7.04,,18.31,123.43521087745626,18.743998408378143,58.81043193054599,0,
23610,23613,1995-035B,TDRS 7,Payload,Civil Communications,2205.15,Hex Cyl + 2 Pan,,1.3,,2.4,17.4,33.671884173236606,2.701999259807449,13.873414872174386,0,
23709,23712,1995-060A,USA 115 (Milstar DFS-2),Payload,Defense Communications,4500.0,Box + 1 Truss + 2 Dish + 2 Pan,,15.5,4.0,,35.0,188.32962483950456,16.0,103.19133333333333,0,
23799,23802,1996-013A,Polar,Payload,Civil Science,1246.78,Cyl,,1.8,,2.4,2.4,6.255238739336725,4.32,5.654866776461628,0,
23836,23839,1996-020A,Inmarsat-3 F1,Payload,Civil Communications,1090.19,Hex Poly + 2 Pan,,1.8,1.7,,16.68,25.577146358999563,2.2698006922186256,10.282095269948922,0,
23890,23893,1996-029A,USA 119 (NOSS-2 4A),Payload,Defense Sigint,3000.0,Cyl,,1.0,,1.0,1.0,1.2715542753135176,0.7853981633974483,1.1780972450961724,0,
24275,24278,1996-046B,Fuji 3,Payload,Amateur Communications,49.55,Poly + 1 Ant,,0.5,0.5,,0.5,0.3774917217635375,0.15707963267948966,0.24788748161074903,0,
24304,24307,1996-053A,Inmarsat-3 F2,Payload,Civil Communications,1298.32,Hex Poly + 2 Pan,,1.8,1.7,,16.68,25.577146358999563,2.2698006922186256,10.282095269948922,0,
24671,24674,1996-070A,Inmarsat-3 F3,Payload,Civil Communications,1090.19,Hex Poly + 2 Pan,,1.8,1.7,,16.68,25.577146358999563,2.2698006922186256,10.282095269948922,0,
24873,24876,1997-035A,Navstar 43 (USA 132) (GPS IIR-2),Payload,Defense Navigation,1065.41,Box + 2 Pan,,1.5,1.9,,19.3,31.8594215621496,2.8499999999999996,13.539133333333334,0,
24917,24920,1997-047A,FORTE,Payload,Civil Science,212.0,Cyl + 2 Ant,,2.1,,0.4,11.0,1.9910305808607602,0.12566370614359174,1.2198996436589857,0,
24933,24936,1997-050A,AMC 3 (GE 3),Payload,Commercial Communications,1585.73,Box + 2 Pan,,2.6,1.8,,22.0,36.457731854076535,3.24,16.07293333333333,0,
25016,25019,1997-065A,"USA 134 (DSCS III F10, DSCS 3-10, DSCS III B-13)",Payload,Defense Communications,1159.56,Hex Poly + 2 Pan,,2.1,1.93,,9.5,18.52419053510544,2.9255296188391546,8.438665689991964,0,
25115,25118,1997-084G,Orbcomm FM06,Payload,Commercial Communications,42.0,Cyl + 2 Pan,,0.2,,1.04,4.3,2.1062,0.425,1.4836731617647,0,
25150,25153,1998-006B,Inmarsat-3 F5,Payload,Civil Communications,1138.75,Hex Poly + 2 Pan,,3.2,7.59,,20.68,146.55359134831193,19.075750592597224,67.8166389380241,0,
25156,25159,1998-007C,Orbcomm FM04,Payload,Commercial Communications,42.0,Cyl + 2 Pan,,0.2,,1.04,4.3,2.1062,0.425,1.4836731617647,0,
25394,25397,1998-043D,Gurwin Techsat 1B,Payload,Amateur Communications,49.55,Box,,0.5,0.5,,0.5,0.4330127018922193,0.25,0.375,0,
25395,25398,1998-043E,WESTPAC,Payload,Civil Geodetic,23.79,Sphere,,0.25,0.25,,0.25,0.0491,0.0491,0.0491,0,
25414,25416,1998-046D,Orbcomm FM20,Payload,Commercial Communications,42.0,Cyl + 2 Pan,,0.2,,1.04,4.3,2.1062,0.425,1.4836731617647,0,
25415,25415,1998-046C,Orbcomm FM19,Payload,Commercial Communications,42.0,Cyl + 2 Pan,,0.2,,1.04,4.3,2.1062,0.425,1.4836731617647,0,
25478,25481,1998-053G,Orbcomm FM27,Payload,Commercial Communications,42.0,Cyl + 2 Pan,,0.2,,1.04,4.3,2.1062,0.425,1.4836731617647,0,
25501,25504,1998-060A,SCD-2,Payload,Civil Imaging,113.97,Poly,,0.72,1.0,,1.0,1.4271650219929017,0.5654866776461628,0.9319102311150942,0,
25557,25560,1998-071A,SWAS,Payload,Civil Astronomy,281.47,Box + 4 Pan,,1.7,1.0,,2.0,4.2042882513927005,1.0,2.750666666666667,0,
25754,25757,1999-029B,DLR-TUBSAT,Payload,Civil Imaging,45.0,Box,,0.3,0.3,,0.3,0.15588457268119896,0.09,0.135,0,
25864,25867,1999-040B,Chandra X-ray Observatory,Payload,Civil Astronomy,5563.0,Cyl + 2 Pan,,14.0,,4.3,19.5,114.2150684169946,14.522012041218817,72.04490879046912,0,
25921,25924,1999-053A,ABS-6 (LMI 1),Payload,Commercial Communications,2600.0,Box + 2 Pan,,4.1,1.8,,21.0,38.576920308659155,3.24,18.2896,0,
25930,25933,1999-055A,Navstar 46 (USA 145) (GPS IIR-3),Payload,Defense Navigation,2032.0,Box + 2 Pan,,1.5,1.9,,19.3,31.8594215621496,2.8499999999999996,13.539133333333334,0,
48131,25160,1998-007D,Celestis 2 (incl. Orion 38),Rocket Body,,350.65999999999997,,,,,,,,,,0,
25727,25730,1999-025A,Fengyun 1C,Payload,Civil Imaging,958.0,Box + 2 Pan,,1.4,1.4,,8.6,11.45917211481176,1.9599999999999997,5.659466666666665,0,
44371,25544,1998-067A,International Space Station,Payload,Civil Spaceship,450000.0,Irr,,20.0,108.5,,108.5,8319.848402465035,1456.0,5762.4,0,
24943,24946,1997-051C,Iridium 33,Payload,Commercial Communications,662.0,Box + 2 Pan,,4.06,8.37,,8.37,6.7413,3.85,5.66648161764705,0,
25964,25967,1999-063A,USA 146 (UFO F10),Payload,Defense Communications,3205.0,Box + 2 Pan,,6.7,3.4,,26.2,96.24348491626165,11.559999999999999,49.32613333333334,0,
25979,25982,1999-065C,Orbcomm FM32,Payload,Commercial Communications,44.0,Cyl + 2 Pan,,0.2,,1.0,4.3,2.1062,0.425,1.4836731617647,0,
25986,25989,1999-066A,XMM,Payload,Civil Astronomy,3764.0,Cyl + 2 Pan,,10.0,,3.0,10.0,30.821500162719445,7.0685834705770345,27.096236637211963,0,
25991,25994,1999-068A,Terra,Payload,Civil Imaging,5190.0,Box + 1 Pan,,6.8,3.5,,10.0,44.77828761356242,12.25,32.931666666666665,0,
26104,26107,2000-016A,Asiastar,Payload,Commercial Communications,2777.0,Box + 2 Pan,,3.0,1.7,,28.0,43.5389257603981,2.8899999999999997,18.5644,0,
26110,26113,2000-017A,IMAGE,Payload,Civil Science,494.0,Oct Cyl + 4 Ant,,1.52,,2.25,500.0,250.06430874326293,3.1596680011886003,112.28325205058901,0,
26353,26356,2000-024A,DSP 20,Payload,Defense Classified,2386.0,Cyl + 1 Pan,,10.0,,3.3,11.5,38.050489968048105,8.55298599939821,31.5284323918149,0,
26385,26388,2000-034A,TDRS 8,Payload,Civil Communications,3180.0,Box + 2 Pan + 2 Dish,,8.4,3.4,,21.0,89.88402900510087,11.559999999999999,50.37413333333333,0,
26404,26407,2000-040A,Navstar 48 (USA 151) (GPS IIR-5),Payload,Defense Navigation,2032.0,Box + 2 Pan,,1.5,1.9,,19.3,31.8594215621496,2.8499999999999996,13.539133333333334,0,
26407,26410,2000-041A,Samba (Cluster 2/FM7),Payload,Civil Science,1186.0,Cyl + 4 Ant,,1.3,,2.9,100.0,67.1777306914266,3.77,31.548217019761314,0,
26461,26464,2000-045B,Tango (Cluster 2/FM8),Payload,Civil Science,1186.0,Cyl + 4 Ant,,1.3,,2.9,100.0,67.1777306914266,3.77,31.548217019761314,0,
26551,26554,2000-059A,GE 1A,Payload,Commercial Communications,3593.0,Box + 2 Pan,,6.1,2.5,,27.0,71.45474871172765,6.25,34.80333333333333,0,
26572,26575,2000-065A,"USA 153 (DSCS III F12, DSCS 3-12, DSCS III B-11)",Payload,Defense Communications,2733.0,Hex Poly + 2 Pan,,2.1,1.93,,9.5,18.52419053510544,2.9255296188391546,8.438665689991964,0,
26577,26580,2000-067A,AMC 6 (GE 6),Payload,Commercial Communications,3552.0,Box + 2 Pan,,6.1,2.5,,27.0,71.45474871172765,6.25,34.80333333333333,0,
26602,26605,2000-071A,Navstar 49 (USA 154) (GPS IIR-6),Payload,Defense Navigation,1077.0,Box + 2 Pan,,1.5,1.9,,19.3,31.8594215621496,2.8499999999999996,13.539133333333334,0,
26699,26702,2001-007A,Odin,Payload,Civil Astronomy,250.0,Box + 1 Plate + 1 Ant,,2.0,1.1,,3.8,3.606093234025416,1.2100000000000002,2.9346666666666668,0,
26717,26720,2001-011B,BSAT 2a,Payload,Commercial Communications,1317.0,Box + 2 Pan,,3.8,2.5,,16.1,42.018010921993636,6.25,21.750333333333334,0,
26763,26766,2001-019A,Intelsat 10 (PAS 10),Payload,Commercial Communications,3772.0,Box + 2 Pan,,6.0,2.3,,26.0,63.82904776992646,5.289999999999999,31.072266666666664,0,
26854,26857,2001-026A,ICO F2,Payload,Commercial Communications,2700.0,Box + 1 Pan,,4.7,2.3,,26.4,56.10562392084455,5.289999999999999,26.842799999999997,0,
26877,26880,2001-033A,DSP 21,Payload,Defense Classified,2386.0,Cyl + 1 Pan,,10.0,,3.3,11.5,38.050489968048105,8.55298599939821,31.5284323918149,0,
26897,26900,2001-039A,Intelsat 902,Payload,Commercial Communications,4723.0,Box + 2 Pan + 2 Dish,,5.6,2.8,,31.0,86.68864534751398,7.839999999999999,40.76493333333333,0,
26928,26931,2001-043C,PCSat,Payload,Amateur Communications,10.0,Box + 1 Ant,,0.2,0.2,,0.7,0.1203114355914474,0.04000000000000001,0.08066666666666668,0,
26955,26958,2001-049B,Proba-1,Payload,Civil Technology,94.0,Box,,0.6,0.8,,0.8,0.9329523031752482,0.48,0.8,0,
26995,26998,2001-055B,TIMED,Payload,Civil Science,587.0,Box + 2 Pan,,2.7,1.6,,11.7,19.552497165201473,2.5600000000000005,9.951533333333334,0,
27001,27004,2001-056D,Maroc-Tubsat,Payload,Civil Imaging,45.0,Box,,0.3,0.4,,0.4,0.23323807579381206,0.12,0.2,0,
27053,27056,2001-058B,Cosmos-2385,Payload,Defense Communications,225.0,Cyl + 1 Arm,,1.6,,0.8,7.0,1.3751588536121522,0.5026548245743669,1.2566370614359172,0,
27054,27057,2001-058C,Cosmos-2386,Payload,Defense Communications,225.0,Cyl + 1 Arm,,1.6,,0.8,7.0,1.3751588536121522,0.5026548245743669,1.2566370614359172,0,
27165,27168,2002-001A,USA 164 (Milstar-2 F3),Payload,Defense Communications,4500.0,Cyl + 1 Truss + 1 Ant,,15.5,,5.0,35.0,89.8918311520857,19.634954084936208,74.60250137243702,0,
27377,27380,2002-007A,Intelsat 904,Payload,Commercial Communications,4680.0,Box + 2 Pan + 2 Dish,,5.6,2.8,,31.0,86.68864534751398,7.839999999999999,40.76493333333333,0,
27421,27424,2002-022A,Aqua,Payload,Civil Imaging,3078.0,Box + 1 Pan,,6.7,2.5,,17.0,45.09899166359648,6.25,26.782666666666668,0,
27423,27426,2002-023A,DirecTV 5,Payload,Commercial Communications,3640.0,Box + 2 Pan,,5.6,2.8,,31.0,86.68864534751398,7.839999999999999,40.76493333333333,0,
27435,27438,2002-027A,Intelsat 905,Payload,Commercial Communications,4723.0,Box + 2 Pan + 2 Dish,,5.6,2.8,,31.0,86.68864534751398,7.839999999999999,40.76493333333333,0,
43131,26715,2001-009A,USA 157 (Milstar-2 F2),Payload,Defense Communications,4500.0,Cyl + 1 Truss + 1 Ant,,15.5,,5.0,35.0,89.8918311520857,19.634954084936208,74.60250137243702,0,
27442,27445,2002-030A,Galaxy 3C,Payload,Commercial Communications,4850.0,Box + 2 Pan,,7.0,3.3,,47.8,151.91647720919394,10.889999999999999,67.87093333333333,0,
27461,27464,2002-036A,Cosmos-2390,Payload,Defense Communications,225.0,Cyl + 1 Arm,,1.6,,0.8,7.0,1.3751588536121522,0.5026548245743669,1.2566370614359172,0,
27462,27465,2002-036B,Cosmos-2391,Payload,Defense Communications,225.0,Cyl + 1 Arm,,1.6,,0.8,7.0,1.3751588536121522,0.5026548245743669,1.2566370614359172,0,
27510,27513,2002-041A,Intelsat 906,Payload,Commercial Communications,4723.0,Box + 2 Pan + 2 Dish,,5.6,2.8,,31.0,86.68864534751398,7.839999999999999,40.76493333333333,0,
27603,27606,2002-058B,Latinsat-B,Payload,Commercial Communications,11.0,Box + 1 Ant,,0.2,0.2,,0.2,0.0692820323027551,0.04000000000000001,0.06000000000000001,0,
27604,27607,2002-058C,Saudisat 1C,Payload,Civil Communications,10.0,Box,,0.2,0.2,,0.2,0.0692820323027551,0.04000000000000001,0.06000000000000001,0,
27609,27612,2002-058H,Latinsat-A,Payload,Commercial Communications,11.0,Box + 1 Ant,,0.2,0.2,,0.2,0.0692820323027551,0.04000000000000001,0.06000000000000001,0,
27629,27632,2002-062A,Nimiq 2,Payload,Commercial Communications,3600.0,Box + 1 Pan,,4.5,1.8,,21.0,35.66509742321656,3.24,17.6998,0,
27637,27640,2003-001A,Coriolis,Payload,Civil Sci/Ast,827.0,Box + 1 Pan + 1 Dish,,4.7,1.3,,10.0,14.316825930523944,1.6900000000000002,8.813466666666667,0,
27648,27651,2003-004A,SORCE,Payload,Civil Astronomy,290.0,Poly + 6 Pan,,1.6,1.2,,4.0,11.138142822602958,1.1309733552923256,4.749860515464706,0,
27660,27663,2003-005A,Navstar 51 (USA 166) (GPS IIR-8),Payload,Defense Navigation,1077.0,Box + 2 Pan,,1.5,1.9,,19.3,31.8594215621496,2.8499999999999996,13.539133333333334,0,
27688,27691,2003-008A,"USA 167 (DSCS III F13, DSCS 3-13, DSCS III A-3)",Payload,Defense Communications,1244.0,Hex Poly + 2 Pan,,2.1,1.93,,9.5,18.52419053510544,2.9255296188391546,8.438665689991964,0,
27701,27704,2003-010A,Navstar 52 (USA 168) (GPS IIR-9),Payload,Defense Navigation,1077.0,Box + 2 Pan,,1.5,1.9,,19.3,31.8594215621496,2.8499999999999996,13.539133333333334,0,
27708,27711,2003-012A,USA 169 (Milstar-2 F4),Payload,Defense Communications,4500.0,Cyl + 1 Truss + 1 Ant,,15.5,,5.0,35.0,89.8918311520857,19.634954084936208,74.60250137243702,0,
27715,27718,2003-014A,Asiasat 4,Payload,Commercial Communications,4137.0,Box + 2 Pan,,5.8,3.4,,26.2,92.20568609308955,11.559999999999999,46.266133333333336,0,
27808,27811,2003-020A,Hellas Sat 2,Payload,Commercial Communications,3250.0,Box + 2 Pan + 2 Dish,,4.8,1.7,,32.0,53.105479517292,2.8899999999999997,23.45106666666667,0,
27822,27825,2003-026A,Thuraya 2,Payload,Commercial Communications,3200.0,Box + 1 Dish + 2 Pan,,12.2,17.0,,40.4,730.0053294953389,207.39999999999998,458.14866666666666,0,
27828,27831,2003-028B,Optus C1 (Defense C1),Payload,Commercial Communications,4725.0,Box + 2 Pan,,8.2,7.8,,24.9,215.71461684412992,60.839999999999996,130.04659999999998,0,
27840,27843,2003-031D,MOST,Payload,Civil Astronomy,60.0,Box,,0.3,0.7,,0.7,0.5729746940310714,0.21,0.45499999999999996,0,
27841,27844,2003-031E,Cute-I,Payload,Amateur Technology,1.0,Box,,0.1,0.1,,0.1,0.017320508075688777,0.010000000000000002,0.015000000000000003,0,
27845,27848,2003-031J,Cubesat XI-IV,Payload,Amateur Technology,1.0,Box,,0.1,0.1,,0.1,0.017320508075688777,0.010000000000000002,0.015000000000000003,0,
27855,27858,2003-036A,SCISAT-1,Payload,Civil Science,150.0,Cyl,,0.6,,1.1,1.1,1.1570352145579594,0.66,0.9935286766977722,0,
27865,27868,2003-037A,Cosmos-2400,Payload,Defense Communications,225.0,Cyl + 1 Arm,,1.6,,0.8,7.0,1.3751588536121522,0.5026548245743669,1.2566370614359172,0,
27866,27869,2003-037B,Cosmos-2401,Payload,Defense Communications,225.0,Cyl + 1 Arm,,1.6,,0.8,7.0,1.3751588536121522,0.5026548245743669,1.2566370614359172,0,
27872,27875,2003-040A,"USA 170 (DSCS III F14, DSCS 3-14, DSCS III B-6)",Payload,Defense Communications,1244.0,Hex Poly + 2 Pan,,2.1,1.93,,9.5,18.52419053510544,2.9255296188391546,8.438665689991964,0,
27936,27939,2003-042A,Mozhaets 4,Payload,Civil Technology,64.0,Poly,,1.0,1.0,,1.0,1.7320508075688772,0.7853981633974483,1.1426990816987241,0,
27941,27944,2003-042F,Larets,Payload,Defense Calibration,10.0,Sphere,,0.2,0.2,,0.2,0.0314,0.0314,0.0314,0,
27951,27954,2003-044A,Galaxy 13 / Horizons 1,Payload,Commercial Communications,4090.0,Box + 2 Pan,,5.8,3.4,,26.2,92.20568609308955,11.559999999999999,46.266133333333336,0,
28048,28051,2003-046A,IRS-P6 (Resourcesat 1),Payload,Civil Imaging,1360.0,Box + 1 Pan,,2.8,2.0,,12.0,23.592725397799747,4.0,12.542666666666666,0,
28051,28054,2003-048A,DMSP 5D-3 F-16 (USA 172),Payload,Defense Imaging,1503.0,Box + 1 Pan,,4.4,1.2,,6.6,9.716766565633087,1.44,6.714533333333333,0,
28055,28058,2003-049B,Chuangxin-1 (Innovation 1),Payload,Civil Communications,100.0,Box,,0.5,0.5,,0.5,0.4330127018922193,0.25,0.375,0,
28086,28089,2003-053A,Yamal 200 N2 (Yamal 202),Payload,Commercial Communications,1351.0,Box + 1 Pan,,2.0,2.0,,12.0,22.928523727065567,4.0,11.372,0,
28114,28117,2003-057A,USA 174 (UFO F11),Payload,Defense Communications,3205.0,Box + 2 Pan,,6.7,3.4,,26.2,96.24348491626165,11.559999999999999,49.32613333333334,0,
28126,28129,2003-058A,Navstar 53 (USA 175) (GPS IIR-10),Payload,Defense Navigation,2032.0,Box + 2 Pan,,1.5,1.9,,19.3,31.8594215621496,2.8499999999999996,13.539133333333334,0,
28155,28158,2004-004A,DSP 22,Payload,Defense Early Warn,2361.0,Cyl + 1 Pan,,10.0,,3.3,11.5,38.050489968048105,8.55298599939821,31.5284323918149,0,
28181,28184,2004-007A,"ABS 4 (Mobisat, ABS 2i, MBSat 1)",Payload,Commercial Communications,4143.0,Box + 2 Pan + 1 Dish,,5.6,2.8,,31.0,86.68864534751398,7.839999999999999,40.76493333333333,0,
28184,28187,2004-008A,Eutelsat 7A (Eutelsat W3A),Payload,Commercial Communications,4300.0,Box + 2 Pan,,5.8,2.9,,35.0,99.70270626182455,8.41,45.971466666666664,0,
28187,28190,2004-009A,Navstar 54 (USA 177) (GPS IIR-11),Payload,Defense Navigation,2032.0,Box + 2 Pan,,1.5,1.9,,19.3,31.8594215621496,2.8499999999999996,13.539133333333334,0,
28217,28220,2004-012A,Tansuo 1 (Shiyan 1),Payload,Civil Imaging,204.0,Box + 1 Pan,,1.0,1.0,,3.0,3.33219580099916,1.0,2.042666666666667,0,
28249,28252,2004-017A,AMC 11 (GE 11),Payload,Commercial Communications,2315.0,Box + 2 Pan,,6.0,3.6,,26.0,97.69496423263473,12.96,49.67786666666667,0,
28358,28361,2004-023A,Navstar 55 (USA 178) (GPS IIR-12),Payload,Defense Navigation,1077.0,Box + 2 Pan,,1.5,1.9,,19.3,31.8594215621496,2.8499999999999996,13.539133333333334,0,
28363,28366,2004-025A,Latinsat-D (Aprizesat 2),Payload,Commercial Communications,11.0,Box + 1 Arm,,0.2,0.2,,0.2,0.0692820323027551,0.04000000000000001,0.06000000000000001,0,
28366,28369,2004-025D,SaudiComsat-1,Payload,Civil Communications,12.0,Box,,0.2,0.2,,0.2,0.0692820323027551,0.04000000000000001,0.06000000000000001,0,
28367,28370,2004-025E,SaudiComsat-2,Payload,Civil Communications,12.0,Box,,0.2,0.2,,0.2,0.0692820323027551,0.04000000000000001,0.06000000000000001,0,
28368,28371,2004-025F,SaudiSat-2,Payload,Civil Technology,35.0,Box,,0.5,0.5,,0.5,0.32787192621510003,0.15,0.275,0,
28369,28372,2004-025G,LatinSat-C (Aprizesat 1),Payload,Commercial Communications,11.0,Box + 1 Arm,,0.2,0.2,,0.2,0.0692820323027551,0.04000000000000001,0.06000000000000001,0,
28373,28376,2004-026A,Aura,Payload,Civil Science,3112.0,Box + 1 Pan,,6.9,2.5,,17.4,46.18335165897854,6.25,27.416666666666664,0,
28375,28378,2004-027A,Anik F2,Payload,Commercial Communications,5965.0,Box + 2 Pan,,6.2,3.5,,45.6,150.9238051992662,12.25,67.27733333333333,0,
28377,28380,2004-028A,Cosmos-2407,Payload,Defense Navigation,820.0,Cyl + 1 Arm,,2.1,,2.0,17.0,5.244959904621708,3.141592653589793,4.869468613064179,0,
28410,28413,2004-035A,SJ-6A,Payload,Civil Science,350.0,Box + 1 Pan,,1.4,1.4,,4.0,6.306957189473806,1.9599999999999997,3.9230666666666663,0,
28411,28414,2004-035B,SJ-6B,Payload,Civil Science,1000.0,Box + 1 Pan,,1.4,1.4,,8.6,11.459148782464684,1.9599999999999997,5.655733333333332,0,
28416,28419,2004-037A,Cosmos-2408,Payload,Defense Communications,225.0,Cyl + 1 Arm,,1.6,,0.8,7.0,1.3751588536121522,0.5026548245743669,1.2566370614359172,0,
28417,28420,2004-037B,Cosmos-2409,Payload,Defense Communications,225.0,Cyl + 1 Arm,,1.6,,0.8,7.0,1.3751588536121522,0.5026548245743669,1.2566370614359172,0,
28443,28446,2004-041A,AMC 15,Payload,Commercial Communications,4021.0,Box + 2 Pan,,6.0,3.6,,26.0,97.69496423263473,12.96,49.67786666666667,0,
28467,28470,2004-044A,Zi Yuan 2C,Payload,Defense Imaging,1450.0,Box + 1 Pan,,1.8,2.0,,9.8,19.274825619854887,3.6,9.898666666666667,0,
28471,28474,2004-045A,Navstar 56 (USA 180) (GPS IIR-13),Payload,Defense Navigation,1077.0,Box + 2 Pan,,1.5,1.9,,19.3,31.8594215621496,2.8499999999999996,13.539133333333334,0,
28482,28485,2004-047A,Swift,Payload,Civil Astronomy,1470.0,Cyl + 2 Pan,,2.4,,1.7,5.5,9.837086432235997,2.269800692218625,6.083724852770901,0,
28490,28493,2004-049B,Nanosat 1,Payload,Civil Technology,20.0,Poly,,0.5,0.5,,0.5,0.4330127018922193,0.19634954084936207,0.28567477042468103,0,
28518,28521,2005-002A,Cosmos-2414,Payload,Defense Navigation,820.0,Cyl + 1 Ant,,2.1,,2.0,17.0,8.576761219226167,3.141592653589793,6.366135279730846,0,
28523,28526,2005-003A,AMC 12,Payload,Commercial Communications,4974.0,Box + 2 Pan,,5.5,2.5,,38.0,91.42606705987733,6.25,40.67333333333333,0,
28625,28628,2005-009A,Inmarsat-4 F1,Payload,Commercial Communications,5940.0,Box + 2 Pan,,7.0,2.9,,45.0,127.58793296941319,8.41,57.218133333333334,0,
28646,28649,2005-017A,Cartosat-1,Payload,Civil Imaging,1560.0,Box + 2 Pan,,2.8,2.0,,12.0,24.872773701418858,4.0,12.977333333333334,0,
28656,28659,2005-019A,DirecTV 8,Payload,Commercial Communications,3711.0,Box + 2 Pan,,5.6,2.8,,31.0,86.68864534751398,7.839999999999999,40.76493333333333,0,
28699,28702,2005-022A,"Galaxy 28 (Intelsat Americas 8, IA 8, Telstar 8)",Payload,Commercial Communications,5493.0,Box + 2 Pan,,7.0,2.6,,27.0,77.3642100744546,6.760000000000001,38.592533333333336,0,
28734,28737,2005-024A,Shi Jian 7 (SJ-7),Payload,Civil Technology,1000.0,Box + 1 Pan,,2.0,2.0,,2.0,6.928203230275509,4.0,6.0,0,
28783,28786,2005-028A,Thaicom 4 (IPStar 1),Payload,Commercial Communications,6480.0,Box + 2 Pan,,8.1,3.8,,26.0,113.35047271486782,14.44,60.590266666666665,0,
28807,28810,2005-031B,Reimei (Index),Payload,Civil Science,70.0,Box + 2 Pan,,0.7,0.6,,3.0,1.846840177674863,0.36,0.9952,0,
28865,28868,2005-036A,Anik F1R,Payload,Commercial Communications,4500.0,Box + 2 Pan,,5.8,2.5,,35.0,86.43823369439392,6.25,39.41333333333333,0,
28871,28874,2005-038A,Navstar 57 (USA 183) (GPS IIR-M1),Payload,Defense Navigation,1077.0,Box + 2 Pan,,1.5,1.9,,19.3,31.8594215621496,2.8499999999999996,13.539133333333334,0,
76637,28358,2004-022A,Intelsat 10-02 (attached to MEV-2),Payload,Commercial Communications,4875.0,Box + 4 Pan + 2 Dish,,12.0,3.5,,45.0,293.0485412049812,12.25,125.90566666666668,0,
28882,28885,2005-041B,Syracuse 3A,Payload,Defense Communications,3725.0,Box + 2 Pan,,3.9,2.3,,30.0,64.71307027169615,5.289999999999999,28.70893333333333,0,
28887,28890,2005-043A,Beijing-1 (Tsinghua),Payload,Civil Imaging,150.0,Box,,0.9,0.9,,0.9,1.3011149065320866,0.7200000000000001,1.125,0,
28890,28893,2005-043D,Sinah-1,Payload,Civil Imaging,160.0,Box + Half Poly,,1.6,1.6,,1.6,3.1353468707624685,1.2800000000000002,2.5600000000000005,0,
28892,28895,2005-043F,Cubesat XI-V,Payload,Amateur Technology,1.0,Box,,0.1,0.1,,0.1,0.017320508075688777,0.010000000000000002,0.015000000000000003,0,
28896,28899,2005-044A,Inmarsat-4 F2,Payload,Commercial Communications,5958.0,Box + 2 Pan + 1 Dish,,7.0,2.9,,45.0,127.58793296941319,8.41,57.218133333333334,0,
28905,28908,2005-048A,Gonets-D1M 1,Payload,Civil Communications,280.0,Cyl + 1 Ant,,1.6,,0.8,7.0,2.1324,1.5721,1.79827132352941,0,
28909,28912,2005-049B,Meteosat 9 (MSG 2),Payload,Civil Weather,2054.0,Cyl,,2.4,,3.2,3.2,11.12042442548751,7.68,10.053096491487338,0,
28921,28924,2005-052A,"Eutelsat 172A (GE 23, AMC 23)",Payload,Commercial Communications,5035.0,Box + 2 Pan,,5.5,2.5,,38.0,91.42606705987733,6.25,40.67333333333333,0,
28932,28935,2006-003A,EchoStar 10,Payload,Commercial Communications,4333.0,Box + 2 Pan,,6.0,3.6,,26.0,97.69496423263473,12.96,49.67786666666667,0,
28942,28945,2006-007A,Spainsat,Payload,Defense Communications,3683.0,Box + 2 Pan,,5.4,2.2,,31.4,68.87696010130699,4.840000000000001,31.539733333333338,0,
29042,29045,2006-010A,JCSAT 9,Payload,Commercial Communications,4401.0,Box + 2 Pan,,6.0,3.6,,26.0,97.69496423263473,12.96,49.67786666666667,0,
29052,29055,2006-012A,Astra 1KR,Payload,Commercial Communications,4332.0,Box + 2 Pan,,6.0,3.6,,27.0,100.57498049479966,12.96,50.641200000000005,0,
29225,29228,2006-021A,Resurs DK-1,Payload,Civil Imaging/Ast,6570.0,Cyl + 2 Pan,,7.9,,2.7,10.0,37.853310288239015,5.725552611167399,24.910052464184606,0,
29233,29236,2006-023A,Galaxy 16,Payload,Commercial Communications,4640.0,Box + 2 Pan,,5.6,2.8,,31.0,86.68864534751398,7.839999999999999,40.76493333333333,0,
29265,29268,2006-031A,KOMPSAT-2 (Arirang-2),Payload,Civil Imaging,765.0,Box + 2 Pan,,2.6,2.0,,6.9,16.21159824266221,4.0,9.840333333333334,0,
29267,29270,2006-032A,Eutelsat Hotbird 13B (Hotbird 8),Payload,Commercial Communications,4875.0,Box + 2 Pan,,5.8,2.5,,39.0,94.43833234499792,6.25,42.093333333333334,0,
29269,29272,2006-033A,JCSAT 3A,Payload,Commercial Communications,4048.0,Box + 2 Pan,,5.5,2.2,,26.9,61.256011482267915,4.840000000000001,29.104733333333336,0,
29270,29273,2006-033B,Syracuse 3B,Payload,Defense Communications,3750.0,Box + 2 Pan,,4.0,2.3,,29.5,64.09382652369735,5.289999999999999,28.630599999999998,0,
29346,29349,2006-034A,Mugunghwa 5 (Koreasat 5),Payload,Civil Communications,4448.0,Box + 2 Pan,,5.0,2.5,,38.0,89.75089876191709,6.25,39.42333333333333,0,
29476,29479,2006-041A,Hinode,Payload,Civil Astronomy,900.0,Box + 2 Pan,,3.8,1.6,,10.3,20.107790554995855,2.5600000000000005,11.109533333333335,0,
29483,29486,2006-042A,Navstar GPS IIR-M2,Payload,Defense Navigation,2032.0,Box + 2 Pan,,1.5,1.9,,19.3,31.8594215621496,2.8499999999999996,13.539133333333334,0,
29491,29494,2006-043A,DirecTV 9S,Payload,Commercial Communications,5505.0,Box + 2 Pan,,7.5,2.9,,31.3,97.77676256076447,8.41,48.0278,0,
29492,29495,2006-043B,Optus D1,Payload,Commercial Communications,2299.0,Box + 2 Pan,,4.0,2.3,,17.0,41.09349835671468,5.289999999999999,20.922266666666665,0,
29502,29505,2006-046A,SJ-6/2A,Payload,Civil Science,350.0,Box + 1 Pan,,1.4,1.4,,4.0,6.306957189473806,1.9599999999999997,3.9230666666666663,0,
29503,29506,2006-046B,SJ-6/2B,Payload,Civil Science,1000.0,Box + 1 Pan,,1.4,1.4,,8.6,11.459148782464684,1.9599999999999997,5.655733333333332,0,
29519,29522,2006-050A,DMSP 5D-3 F-17 (USA 191),Payload,Defense Weather,1217.0,Box + 1 Pan,,4.4,1.2,,6.6,9.716766565633087,1.44,6.714533333333333,0,
29523,29526,2006-051A,Badr 4,Payload,Commercial Communications,3304.0,Box + 2 Pan + 1 Dish,,2.5,2.9,,32.0,80.77360460072809,7.25,34.071466666666666,0,
29598,29601,2006-052A,Navstar GPS IIR-M3,Payload,Defense Navigation,2032.0,Box + 2 Pan,,1.5,1.9,,19.3,31.8594215621496,2.8499999999999996,13.539133333333334,0,
29640,29643,2006-054A,WildBlue 1,Payload,Commercial Communications,4735.0,Box + 2 Pan,,5.5,2.4,,31.1,74.64081973834263,5.76,34.556466666666665,0,
29706,29709,2007-001A,LAPAN-TUBsat,Payload,Civil Imaging,56.0,Box,,0.5,0.5,,0.5,0.2872281323269014,0.1,0.225,0,
29734,29737,1999-025AB,Fengyun 1C debris,Payload Fragmentation Debris,,,,,,,,,,,,0,
29730,29733,1999-025X,Fengyun 1C debris,Payload Fragmentation Debris,,,,,,,,,,,,0,
29731,29734,1999-025Y,Fengyun 1C debris,Payload Fragmentation Debris,,,,,,,,,,,,0,
29732,29735,1999-025Z,Fengyun 1C debris,Payload Fragmentation Debris,,,,,,,,,,,,0,
29733,29736,1999-025AA,Fengyun 1C debris,Payload Fragmentation Debris,,,,,,,,,,,,0,
29790,29793,1999-025CK,Fengyun 1C debris,Payload Fragmentation Debris,,,,,,,,,,,,0,
29785,29788,1999-025CE,Fengyun 1C debris,Payload Fragmentation Debris,,,,,,,,,,,,0,
29737,29740,1999-025AE,Fengyun 1C debris,Payload Fragmentation Debris,,,,,,,,,,,,0,
29757,29760,1999-025BA,Fengyun 1C debris,Payload Fragmentation Debris,,,,,,,,,,,,0,
29791,29794,1999-025CL,Fengyun 1C debris,Payload Fragmentation Debris,,,,,,,,,,,,0,
29783,29786,1999-025CC,Fengyun 1C debris,Payload Fragmentation Debris,,,,,,,,,,,,0,
29792,29795,1999-025CM,Fengyun 1C debris,Payload Fragmentation Debris,,,,,,,,,,,,0,
29776,29779,1999-025BV,Fengyun 1C debris,Payload Fragmentation Debris,,,,,,,,,,,,0,
29777,29780,1999-025BW,Fengyun 1C debris,Payload Fragmentation Debris,,,,,,,,,,,,0,
29781,29784,1999-025CA,Fengyun 1C debris,Payload Fragmentation Debris,,,,,,,,,,,,0,
29771,29774,1999-025BQ,Fengyun 1C debris,Payload Fragmentation Debris,,,,,,,,,,,,0,
29738,29741,1999-025AF,Fengyun 1C debris,Payload Fragmentation Debris,,,,,,,,,,,,0,
29745,29748,1999-025AN,Fengyun 1C debris,Payload Fragmentation Debris,,,,,,,,,,,,0,
29762,29765,1999-025BF,Fengyun 1C debris,Payload Fragmentation Debris,,,,,,,,,,,,0,
29767,29770,1999-025BL,Fengyun 1C debris,Payload Fragmentation Debris,,,,,,,,,,,,0,
29759,29762,1999-025BC,Fengyun 1C debris,Payload Fragmentation Debris,,,,,,,,,,,,0,
29789,29792,1999-025CJ,Fengyun 1C debris,Payload Fragmentation Debris,,,,,,,,,,,,0,
29788,29791,1999-025CH,Fengyun 1C debris,Payload Fragmentation Debris,,,,,,,,,,,,0,
29760,29763,1999-025BD,Fengyun 1C debris,Payload Fragmentation Debris,,,,,,,,,,,,0,
29735,29738,1999-025AC,Fengyun 1C debris,Payload Fragmentation Debris,,,,,,,,,,,,0,
29764,29767,1999-025BH,Fengyun 1C debris,Payload Fragmentation Debris,,,,,,,,,,,,0,
29748,29751,1999-025AR,Fengyun 1C debris,Payload Fragmentation Debris,,,,,,,,,,,,0,
29773,29776,1999-025BS,Fengyun 1C debris,Payload Fragmentation Debris,,,,,,,,,,,,0,
29786,29789,1999-025CF,Fengyun 1C debris,Payload Fragmentation Debris,,,,,,,,,,,,0,
29747,29750,1999-025AQ,Fengyun 1C debris,Payload Fragmentation Debris,,,,,,,,,,,,0,
29751,29754,1999-025AU,Fengyun 1C debris,Payload Fragmentation Debris,,,,,,,,,,,,0,
29779,29782,1999-025BY,Fengyun 1C debris,Payload Fragmentation Debris,,,,,,,,,,,,0,
29766,29769,1999-025BK,Fengyun 1C debris,Payload Fragmentation Debris,,,,,,,,,,,,0,
29770,29773,1999-025BP,Fengyun 1C debris,Payload Fragmentation Debris,,,,,,,,,,,,0,
29763,29766,1999-025BG,Fengyun 1C debris,Payload Fragmentation Debris,,,,,,,,,,,,0,
29755,29758,1999-025AY,Fengyun 1C debris,Payload Fragmentation Debris,,,,,,,,,,,,0,
29774,29777,1999-025BT,Fengyun 1C debris,Payload Fragmentation Debris,,,,,,,,,,,,0,
29787,29790,1999-025CG,Fengyun 1C debris,Payload Fragmentation Debris,,,,,,,,,,,,0,
29778,29781,1999-025BX,Fengyun 1C debris,Payload Fragmentation Debris,,,,,,,,,,,,0,
29769,29772,1999-025BN,Fengyun 1C debris,Payload Fragmentation Debris,,,,,,,,,,,,0,
29801,29804,1999-025CW,Fengyun 1C debris,Payload Fragmentation Debris,,,,,,,,,,,,0,
29793,29796,1999-025CN,Fengyun 1C debris,Payload Fragmentation Debris,,,,,,,,,,,,0,
29797,29800,1999-025CS,Fengyun 1C debris,Payload Fragmentation Debris,,,,,,,,,,,,0,
29833,29836,1999-025EE,Fengyun 1C debris,Payload Fragmentation Debris,,,,,,,,,,,,0,
29809,29812,1999-025DE,Fengyun 1C debris,Payload Fragmentation Debris,,,,,,,,,,,,0,
29832,29835,1999-025ED,Fengyun 1C debris,Payload Fragmentation Debris,,,,,,,,,,,,0,
29830,29833,1999-025EB,Fengyun 1C debris,Payload Fragmentation Debris,,,,,,,,,,,,0,
29817,29820,1999-025DN,Fengyun 1C debris,Payload Fragmentation Debris,,,,,,,,,,,,0,
29816,29819,1999-025DM,Fengyun 1C debris,Payload Fragmentation Debris,,,,,,,,,,,,0,
29845,29848,1999-025ES,Fengyun 1C debris,Payload Fragmentation Debris,,,,,,,,,,,,0,
29807,29810,1999-025DC,Fengyun 1C debris,Payload Fragmentation Debris,,,,,,,,,,,,0,
29815,29818,1999-025DL,Fengyun 1C debris,Payload Fragmentation Debris,,,,,,,,,,,,0,
29795,29798,1999-025CQ,Fengyun 1C debris,Payload Fragmentation Debris,,,,,,,,,,,,0,
29804,29807,1999-025CZ,Fengyun 1C debris,Payload Fragmentation Debris,,,,,,,,,,,,0,
29843,29846,1999-025EQ,Fengyun 1C debris,Payload Fragmentation Debris,,,,,,,,,,,,0,
29806,29809,1999-025DB,Fengyun 1C debris,Payload Fragmentation Debris,,,,,,,,,,,,0,
29846,29849,1999-025ET,Fengyun 1C debris,Payload Fragmentation Debris,,,,,,,,,,,,0,
29839,29842,1999-025EL,Fengyun 1C debris,Payload Fragmentation Debris,,,,,,,,,,,,0,
29841,29844,1999-025EN,Fengyun 1C debris,Payload Fragmentation Debris,,,,,,,,,,,,0,
29814,29817,1999-025DK,Fengyun 1C debris,Payload Fragmentation Debris,,,,,,,,,,,,0,
29818,29821,1999-025DP,Fengyun 1C debris,Payload Fragmentation Debris,,,,,,,,,,,,0,
29802,29805,1999-025CX,Fengyun 1C debris,Payload Fragmentation Debris,,,,,,,,,,,,0,
29840,29843,1999-025EM,Fengyun 1C debris,Payload Fragmentation Debris,,,,,,,,,,,,0,
29824,29827,1999-025DV,Fengyun 1C debris,Payload Fragmentation Debris,,,,,,,,,,,,0,
29825,29828,1999-025DW,Fengyun 1C debris,Payload Fragmentation Debris,,,,,,,,,,,,0,
29844,29847,1999-025ER,Fengyun 1C debris,Payload Fragmentation Debris,,,,,,,,,,,,0,
29842,29845,1999-025EP,Fengyun 1C debris,Payload Fragmentation Debris,,,,,,,,,,,,0,
29829,29832,1999-025EA,Fengyun 1C debris,Payload Fragmentation Debris,,,,,,,,,,,,0,
29813,29816,1999-025DJ,Fengyun 1C debris,Payload Fragmentation Debris,,,,,,,,,,,,0,
29812,29815,1999-025DH,Fengyun 1C debris,Payload Fragmentation Debris,,,,,,,,,,,,0,
29798,29801,1999-025CT,Fengyun 1C debris,Payload Fragmentation Debris,,,,,,,,,,,,0,
29810,29813,1999-025DF,Fengyun 1C debris,Payload Fragmentation Debris,,,,,,,,,,,,0,
29803,29806,1999-025CY,Fengyun 1C debris,Payload Fragmentation Debris,,,,,,,,,,,,0,
29799,29802,1999-025CU,Fengyun 1C debris,Payload Fragmentation Debris,,,,,,,,,,,,0,
29838,29841,1999-025EK,Fengyun 1C debris,Payload Fragmentation Debris,,,,,,,,,,,,0,
29868,29871,1999-025FR,Fengyun 1C debris,Payload Fragmentation Debris,,,,,,,,,,,,0,
29852,29855,1999-025EZ,Fengyun 1C debris,Payload Fragmentation Debris,,,,,,,,,,,,0,
29889,29892,1999-025GN,Fengyun 1C debris,Payload Fragmentation Debris,,,,,,,,,,,,0,
29885,29888,1999-025GJ,Fengyun 1C debris,Payload Fragmentation Debris,,,,,,,,,,,,0,
29884,29887,1999-025GH,Fengyun 1C debris,Payload Fragmentation Debris,,,,,,,,,,,,0,
29890,29893,1999-025GP,Fengyun 1C debris,Payload Fragmentation Debris,,,,,,,,,,,,0,
29851,29854,1999-025EY,Fengyun 1C debris,Payload Fragmentation Debris,,,,,,,,,,,,0,
29881,29884,1999-025GE,Fengyun 1C debris,Payload Fragmentation Debris,,,,,,,,,,,,0,
29865,29868,1999-025FN,Fengyun 1C debris,Payload Fragmentation Debris,,,,,,,,,,,,0,
29854,29857,1999-025FB,Fengyun 1C debris,Payload Fragmentation Debris,,,,,,,,,,,,0,
29891,29894,1999-025GQ,Fengyun 1C debris,Payload Fragmentation Debris,,,,,,,,,,,,0,
29874,29877,1999-025FX,Fengyun 1C debris,Payload Fragmentation Debris,,,,,,,,,,,,0,
29847,29850,1999-025EU,Fengyun 1C debris,Payload Fragmentation Debris,,,,,,,,,,,,0,
29877,29880,1999-025GA,Fengyun 1C debris,Payload Fragmentation Debris,,,,,,,,,,,,0,
29853,29856,1999-025FA,Fengyun 1C debris,Payload Fragmentation Debris,,,,,,,,,,,,0,
29870,29873,1999-025FT,Fengyun 1C debris,Payload Fragmentation Debris,,,,,,,,,,,,0,
29888,29891,1999-025GM,Fengyun 1C debris,Payload Fragmentation Debris,,,,,,,,,,,,0,
29878,29881,1999-025GB,Fengyun 1C debris,Payload Fragmentation Debris,,,,,,,,,,,,0,
29850,29853,1999-025EX,Fengyun 1C debris,Payload Fragmentation Debris,,,,,,,,,,,,0,
29849,29852,1999-025EW,Fengyun 1C debris,Payload Fragmentation Debris,,,,,,,,,,,,0,
29867,29870,1999-025FQ,Fengyun 1C debris,Payload Fragmentation Debris,,,,,,,,,,,,0,
29862,29865,1999-025FK,Fengyun 1C debris,Payload Fragmentation Debris,,,,,,,,,,,,0,
29855,29858,1999-025FC,Fengyun 1C debris,Payload Fragmentation Debris,,,,,,,,,,,,0,
29886,29889,1999-025GK,Fengyun 1C debris,Payload Fragmentation Debris,,,,,,,,,,,,0,
29856,29859,1999-025FD,Fengyun 1C debris,Payload Fragmentation Debris,,,,,,,,,,,,0,
29866,29869,1999-025FP,Fengyun 1C debris,Payload Fragmentation Debris,,,,,,,,,,,,0,
29882,29885,1999-025GF,Fengyun 1C debris,Payload Fragmentation Debris,,,,,,,,,,,,0,
29869,29872,1999-025FS,Fengyun 1C debris,Payload Fragmentation Debris,,,,,,,,,,,,0,
29873,29876,1999-025FW,Fengyun 1C debris,Payload Fragmentation Debris,,,,,,,,,,,,0,
29863,29866,1999-025FL,Fengyun 1C debris,Payload Fragmentation Debris,,,,,,,,,,,,0,
29887,29890,1999-025GL,Fengyun 1C debris,Payload Fragmentation Debris,,,,,,,,,,,,0,
29857,29860,1999-025FE,Fengyun 1C debris,Payload Fragmentation Debris,,,,,,,,,,,,0,
29848,29851,1999-025EV,Fengyun 1C debris,Payload Fragmentation Debris,,,,,,,,,,,,0,
29871,29874,1999-025FU,Fengyun 1C debris,Payload Fragmentation Debris,,,,,,,,,,,,0,
29872,29875,1999-025FV,Fengyun 1C debris,Payload Fragmentation Debris,,,,,,,,,,,,0,
29911,29914,1999-025HL,Fengyun 1C debris,Payload Fragmentation Debris,,,,,,,,,,,,0,
29895,29898,1999-025GU,Fengyun 1C debris,Payload Fragmentation Debris,,,,,,,,,,,,0,
29903,29906,1999-025HC,Fengyun 1C debris,Payload Fragmentation Debris,,,,,,,,,,,,0,
29931,29934,1999-025JG,Fengyun 1C debris,Payload Fragmentation Debris,,,,,,,,,,,,0,
29893,29896,1999-025GS,Fengyun 1C debris,Payload Fragmentation Debris,,,,,,,,,,,,0,
29934,29937,1999-025JK,Fengyun 1C debris,Payload Fragmentation Debris,,,,,,,,,,,,0,
29913,29916,1999-025HN,Fengyun 1C debris,Payload Fragmentation Debris,,,,,,,,,,,,0,
29898,29901,1999-025GX,Fengyun 1C debris,Payload Fragmentation Debris,,,,,,,,,,,,0,
29916,29919,1999-025HR,Fengyun 1C debris,Payload Fragmentation Debris,,,,,,,,,,,,0,
29917,29920,1999-025HS,Fengyun 1C debris,Payload Fragmentation Debris,,,,,,,,,,,,0,
29923,29926,1999-025HY,Fengyun 1C debris,Payload Fragmentation Debris,,,,,,,,,,,,0,
29901,29904,1999-025HA,Fengyun 1C debris,Payload Fragmentation Debris,,,,,,,,,,,,0,
29920,29923,1999-025HV,Fengyun 1C debris,Payload Fragmentation Debris,,,,,,,,,,,,0,
29921,29924,1999-025HW,Fengyun 1C debris,Payload Fragmentation Debris,,,,,,,,,,,,0,
29908,29911,1999-025HH,Fengyun 1C debris,Payload Fragmentation Debris,,,,,,,,,,,,0,
29924,29927,1999-025HZ,Fengyun 1C debris,Payload Fragmentation Debris,,,,,,,,,,,,0,
29894,29897,1999-025GT,Fengyun 1C debris,Payload Fragmentation Debris,,,,,,,,,,,,0,
29928,29931,1999-025JD,Fengyun 1C debris,Payload Fragmentation Debris,,,,,,,,,,,,0,
29919,29922,1999-025HU,Fengyun 1C debris,Payload Fragmentation Debris,,,,,,,,,,,,0,
29904,29907,1999-025HD,Fengyun 1C debris,Payload Fragmentation Debris,,,,,,,,,,,,0,
29914,29917,1999-025HP,Fengyun 1C debris,Payload Fragmentation Debris,,,,,,,,,,,,0,
29896,29899,1999-025GV,Fengyun 1C debris,Payload Fragmentation Debris,,,,,,,,,,,,0,
29892,29895,1999-025GR,Fengyun 1C debris,Payload Fragmentation Debris,,,,,,,,,,,,0,
29925,29928,1999-025JA,Fengyun 1C debris,Payload Fragmentation Debris,,,,,,,,,,,,0,
29926,29929,1999-025JB,Fengyun 1C debris,Payload Fragmentation Debris,,,,,,,,,,,,0,
29932,29935,1999-025JH,Fengyun 1C debris,Payload Fragmentation Debris,,,,,,,,,,,,0,
29909,29912,1999-025HJ,Fengyun 1C debris,Payload Fragmentation Debris,,,,,,,,,,,,0,
29915,29918,1999-025HQ,Fengyun 1C debris,Payload Fragmentation Debris,,,,,,,,,,,,0,
29930,29933,1999-025JF,Fengyun 1C debris,Payload Fragmentation Debris,,,,,,,,,,,,0,
29906,29909,1999-025HF,Fengyun 1C debris,Payload Fragmentation Debris,,,,,,,,,,,,0,
29910,29913,1999-025HK,Fengyun 1C debris,Payload Fragmentation Debris,,,,,,,,,,,,0,
29933,29936,1999-025JJ,Fengyun 1C debris,Payload Fragmentation Debris,,,,,,,,,,,,0,
29927,29930,1999-025JC,Fengyun 1C debris,Payload Fragmentation Debris,,,,,,,,,,,,0,
29918,29921,1999-025HT,Fengyun 1C debris,Payload Fragmentation Debris,,,,,,,,,,,,0,
29929,29932,1999-025JE,Fengyun 1C debris,Payload Fragmentation Debris,,,,,,,,,,,,0,
29941,29944,1999-025JS,Fengyun 1C debris,Payload Fragmentation Debris,,,,,,,,,,,,0,
29958,29961,1999-025KK,Fengyun 1C debris,Payload Fragmentation Debris,,,,,,,,,,,,0,
29936,29939,1999-025JM,Fengyun 1C debris,Payload Fragmentation Debris,,,,,,,,,,,,0,
29935,29938,1999-025JL,Fengyun 1C debris,Payload Fragmentation Debris,,,,,,,,,,,,0,
29947,29950,1999-025JY,Fengyun 1C debris,Payload Fragmentation Debris,,,,,,,,,,,,0,
29951,29954,1999-025KC,Fengyun 1C debris,Payload Fragmentation Debris,,,,,,,,,,,,0,
29963,29966,1999-025KQ,Fengyun 1C debris,Payload Fragmentation Debris,,,,,,,,,,,,0,
29956,29959,1999-025KH,Fengyun 1C debris,Payload Fragmentation Debris,,,,,,,,,,,,0,
29969,29972,1999-025KW,Fengyun 1C debris,Payload Fragmentation Debris,,,,,,,,,,,,0,
29954,29957,1999-025KF,Fengyun 1C debris,Payload Fragmentation Debris,,,Sphere,,,,0.2,,0.031415926535897934,0.031415926535897934,0.031415926535897934,0,
29970,29973,1999-025KX,Fengyun 1C debris,Payload Fragmentation Debris,,,,,,,,,,,,0,
29959,29962,1999-025KL,Fengyun 1C debris,Payload Fragmentation Debris,,,,,,,,,,,,0,
29965,29968,1999-025KS,Fengyun 1C debris,Payload Fragmentation Debris,,,,,,,,,,,,0,
29940,29943,1999-025JR,Fengyun 1C debris,Payload Fragmentation Debris,,,,,,,,,,,,0,
29967,29970,1999-025KU,Fengyun 1C debris,Payload Fragmentation Debris,,,,,,,,,,,,0,
29942,29945,1999-025JT,Fengyun 1C debris,Payload Fragmentation Debris,,,,,,,,,,,,0,
29966,29969,1999-025KT,Fengyun 1C debris,Payload Fragmentation Debris,,,,,,,,,,,,0,
29961,29964,1999-025KN,Fengyun 1C debris,Payload Fragmentation Debris,,,,,,,,,,,,0,
29939,29942,1999-025JQ,Fengyun 1C debris,Payload Fragmentation Debris,,,,,,,,,,,,0,
29937,29940,1999-025JN,Fengyun 1C debris,Payload Fragmentation Debris,,,,,,,,,,,,0,
29971,29974,1999-025KY,Fengyun 1C debris,Payload Fragmentation Debris,,,,,,,,,,,,0,
29964,29967,1999-025KR,Fengyun 1C debris,Payload Fragmentation Debris,,,,,,,,,,,,0,
29946,29949,1999-025JX,Fengyun 1C debris,Payload Fragmentation Debris,,,,,,,,,,,,0,
29943,29946,1999-025JU,Fengyun 1C debris,Payload Fragmentation Debris,,,,,,,,,,,,0,
29955,29958,1999-025KG,Fengyun 1C debris,Payload Fragmentation Debris,,,,,,,,,,,,0,
29960,29963,1999-025KM,Fengyun 1C debris,Payload Fragmentation Debris,,,,,,,,,,,,0,
29962,29965,1999-025KP,Fengyun 1C debris,Payload Fragmentation Debris,,,,,,,,,,,,0,
29968,29971,1999-025KV,Fengyun 1C debris,Payload Fragmentation Debris,,,,,,,,,,,,0,
29972,29975,1999-025KZ,Fengyun 1C debris,Payload Fragmentation Debris,,,,,,,,,,,,0,
29957,29960,1999-025KJ,Fengyun 1C debris,Payload Fragmentation Debris,,,,,,,,,,,,0,
29945,29948,1999-025JW,Fengyun 1C debris,Payload Fragmentation Debris,,,,,,,,,,,,0,
29950,29953,1999-025KB,Fengyun 1C debris,Payload Fragmentation Debris,,,,,,,,,,,,0,
29953,29956,1999-025KE,Fengyun 1C debris,Payload Fragmentation Debris,,,,,,,,,,,,0,
29944,29947,1999-025JV,Fengyun 1C debris,Payload Fragmentation Debris,,,,,,,,,,,,0,
29952,29955,1999-025KD,Fengyun 1C debris,Payload Fragmentation Debris,,,,,,,,,,,,0,
30001,30004,1999-025MD,Fengyun 1C debris,Payload Fragmentation Debris,,,,,,,,,,,,0,
29977,29980,1999-025LE,Fengyun 1C debris,Payload Fragmentation Debris,,,,,,,,,,,,0,
30019,30022,1999-025MX,Fengyun 1C debris,Payload Fragmentation Debris,,,,,,,,,,,,0,
29998,30001,1999-025MA,Fengyun 1C debris,Payload Fragmentation Debris,,,,,,,,,,,,0,
30013,30016,1999-025MR,Fengyun 1C debris,Payload Fragmentation Debris,,,,,,,,,,,,0,
29985,29988,1999-025LN,Fengyun 1C debris,Payload Fragmentation Debris,,,,,,,,,,,,0,
29996,29999,1999-025LZ,Fengyun 1C debris,Payload Fragmentation Debris,,,,,,,,,,,,0,
30004,30007,1999-025MG,Fengyun 1C debris,Payload Fragmentation Debris,,,,,,,,,,,,0,
29993,29996,1999-025LW,Fengyun 1C debris,Payload Fragmentation Debris,,,,,,,,,,,,0,
29995,29998,1999-025LY,Fengyun 1C debris,Payload Fragmentation Debris,,,,,,,,,,,,0,
29994,29997,1999-025LX,Fengyun 1C debris,Payload Fragmentation Debris,,,,,,,,,,,,0,
29986,29989,1999-025LP,Fengyun 1C debris,Payload Fragmentation Debris,,,,,,,,,,,,0,
29983,29986,1999-025LL,Fengyun 1C debris,Payload Fragmentation Debris,,,,,,,,,,,,0,
29989,29992,1999-025LS,Fengyun 1C debris,Payload Fragmentation Debris,,,,,,,,,,,,0,
30018,30021,1999-025MW,Fengyun 1C debris,Payload Fragmentation Debris,,,,,,,,,,,,0,
29976,29979,1999-025LD,Fengyun 1C debris,Payload Fragmentation Debris,,,,,,,,,,,,0,
30010,30013,1999-025MN,Fengyun 1C debris,Payload Fragmentation Debris,,,,,,,,,,,,0,
29984,29987,1999-025LM,Fengyun 1C debris,Payload Fragmentation Debris,,,,,,,,,,,,0,
29982,29985,1999-025LK,Fengyun 1C debris,Payload Fragmentation Debris,,,,,,,,,,,,0,
30017,30020,1999-025MV,Fengyun 1C debris,Payload Fragmentation Debris,,,,,,,,,,,,0,
30006,30009,1999-025MJ,Fengyun 1C debris,Payload Fragmentation Debris,,,,,,,,,,,,0,
30009,30012,1999-025MM,Fengyun 1C debris,Payload Fragmentation Debris,,,,,,,,,,,,0,
29974,29977,1999-025LB,Fengyun 1C debris,Payload Fragmentation Debris,,,,,,,,,,,,0,
30002,30005,1999-025ME,Fengyun 1C debris,Payload Fragmentation Debris,,,,,,,,,,,,0,
29991,29994,1999-025LU,Fengyun 1C debris,Payload Fragmentation Debris,,,,,,,,,,,,0,
30007,30010,1999-025MK,Fengyun 1C debris,Payload Fragmentation Debris,,,,,,,,,,,,0,
29990,29993,1999-025LT,Fengyun 1C debris,Payload Fragmentation Debris,,,,,,,,,,,,0,
29975,29978,1999-025LC,Fengyun 1C debris,Payload Fragmentation Debris,,,,,,,,,,,,0,
29979,29982,1999-025LG,Fengyun 1C debris,Payload Fragmentation Debris,,,,,,,,,,,,0,
29973,29976,1999-025LA,Fengyun 1C debris,Payload Fragmentation Debris,,,,,,,,,,,,0,
30014,30017,1999-025MS,Fengyun 1C debris,Payload Fragmentation Debris,,,,,,,,,,,,0,
30005,30008,1999-025MH,Fengyun 1C debris,Payload Fragmentation Debris,,,,,,,,,,,,0,
30012,30015,1999-025MQ,Fengyun 1C debris,Payload Fragmentation Debris,,,,,,,,,,,,0,
30015,30018,1999-025MT,Fengyun 1C debris,Payload Fragmentation Debris,,,,,,,,,,,,0,
30000,30003,1999-025MC,Fengyun 1C debris,Payload Fragmentation Debris,,,,,,,,,,,,0,
30049,30052,1999-025PD,Fengyun 1C debris,Payload Fragmentation Debris,,,,,,,,,,,,0,
30065,30068,1999-025PV,Fengyun 1C debris,Payload Fragmentation Debris,,,,,,,,,,,,0,
30067,30070,1999-025PX,Fengyun 1C debris,Payload Fragmentation Debris,,,,,,,,,,,,0,
30055,30058,1999-025PK,Fengyun 1C debris,Payload Fragmentation Debris,,,,,,,,,,,,0,
30054,30057,1999-025PJ,Fengyun 1C debris,Payload Fragmentation Debris,,,,,,,,,,,,0,
30025,30028,1999-025ND,Fengyun 1C debris,Payload Fragmentation Debris,,,,,,,,,,,,0,
30033,30036,1999-025NM,Fengyun 1C debris,Payload Fragmentation Debris,,,,,,,,,,,,0,
30034,30037,1999-025NN,Fengyun 1C debris,Payload Fragmentation Debris,,,,,,,,,,,,0,
30047,30050,1999-025PB,Fengyun 1C debris,Payload Fragmentation Debris,,,,,,,,,,,,0,
30050,30053,1999-025PE,Fengyun 1C debris,Payload Fragmentation Debris,,,,,,,,,,,,0,
30035,30038,1999-025NP,Fengyun 1C debris,Payload Fragmentation Debris,,,,,,,,,,,,0,
30020,30023,1999-025MY,Fengyun 1C debris,Payload Fragmentation Debris,,,,,,,,,,,,0,
30038,30041,1999-025NS,Fengyun 1C debris,Payload Fragmentation Debris,,,,,,,,,,,,0,
30058,30061,1999-025PN,Fengyun 1C debris,Payload Fragmentation Debris,,,,,,,,,,,,0,
30061,30064,1999-025PR,Fengyun 1C debris,Payload Fragmentation Debris,,,,,,,,,,,,0,
30044,30047,1999-025NY,Fengyun 1C debris,Payload Fragmentation Debris,,,,,,,,,,,,0,
30056,30059,1999-025PL,Fengyun 1C debris,Payload Fragmentation Debris,,,,,,,,,,,,0,
30045,30048,1999-025NZ,Fengyun 1C debris,Payload Fragmentation Debris,,,,,,,,,,,,0,
30040,30043,1999-025NU,Fengyun 1C debris,Payload Fragmentation Debris,,,,,,,,,,,,0,
30066,30069,1999-025PW,Fengyun 1C debris,Payload Fragmentation Debris,,,,,,,,,,,,0,
30051,30054,1999-025PF,Fengyun 1C debris,Payload Fragmentation Debris,,,,,,,,,,,,0,
30069,30072,1999-025PZ,Fengyun 1C debris,Payload Fragmentation Debris,,,,,,,,,,,,0,
30062,30065,1999-025PS,Fengyun 1C debris,Payload Fragmentation Debris,,,,,,,,,,,,0,
30057,30060,1999-025PM,Fengyun 1C debris,Payload Fragmentation Debris,,,,,,,,,,,,0,
30070,30073,1999-025QA,Fengyun 1C debris,Payload Fragmentation Debris,,,,,,,,,,,,0,
30064,30067,1999-025PU,Fengyun 1C debris,Payload Fragmentation Debris,,,,,,,,,,,,0,
30068,30071,1999-025PY,Fengyun 1C debris,Payload Fragmentation Debris,,,,,,,,,,,,0,
30063,30066,1999-025PT,Fengyun 1C debris,Payload Fragmentation Debris,,,,,,,,,,,,0,
30037,30040,1999-025NR,Fengyun 1C debris,Payload Fragmentation Debris,,,,,,,,,,,,0,
30053,30056,1999-025PH,Fengyun 1C debris,Payload Fragmentation Debris,,,,,,,,,,,,0,
30060,30063,1999-025PQ,Fengyun 1C debris,Payload Fragmentation Debris,,,,,,,,,,,,0,
30032,30035,1999-025NL,Fengyun 1C debris,Payload Fragmentation Debris,,,,,,,,,,,,0,
30042,30045,1999-025NW,Fengyun 1C debris,Payload Fragmentation Debris,,,,,,,,,,,,0,
30041,30044,1999-025NV,Fengyun 1C debris,Payload Fragmentation Debris,,,,,,,,,,,,0,
30059,30062,1999-025PP,Fengyun 1C debris,Payload Fragmentation Debris,,,,,,,,,,,,0,
30089,30092,1999-025QV,Fengyun 1C debris,Payload Fragmentation Debris,,,,,,,,,,,,0,
30073,30076,1999-025QD,Fengyun 1C debris,Payload Fragmentation Debris,,,,,,,,,,,,0,
30115,30118,1999-025RX,Fengyun 1C debris,Payload Fragmentation Debris,,,,,,,,,,,,0,
30074,30077,1999-025QE,Fengyun 1C debris,Payload Fragmentation Debris,,,,,,,,,,,,0,
30106,30109,1999-025RN,Fengyun 1C debris,Payload Fragmentation Debris,,,,,,,,,,,,0,
30092,30095,1999-025QY,Fengyun 1C debris,Payload Fragmentation Debris,,,,,,,,,,,,0,
30107,30110,1999-025RP,Fengyun 1C debris,Payload Fragmentation Debris,,,,,,,,,,,,0,
30090,30093,1999-025QW,Fengyun 1C debris,Payload Fragmentation Debris,,,,,,,,,,,,0,
30110,30113,1999-025RS,Fengyun 1C debris,Payload Fragmentation Debris,,,,,,,,,,,,0,
30079,30082,1999-025QK,Fengyun 1C debris,Payload Fragmentation Debris,,,,,,,,,,,,0,
30093,30096,1999-025QZ,Fengyun 1C debris,Payload Fragmentation Debris,,,,,,,,,,,,0,
30099,30102,1999-025RF,Fengyun 1C debris,Payload Fragmentation Debris,,,,,,,,,,,,0,
30085,30088,1999-025QR,Fengyun 1C debris,Payload Fragmentation Debris,,,,,,,,,,,,0,
30077,30080,1999-025QH,Fengyun 1C debris,Payload Fragmentation Debris,,,,,,,,,,,,0,
30072,30075,1999-025QC,Fengyun 1C debris,Payload Fragmentation Debris,,,,,,,,,,,,0,
30103,30106,1999-025RK,Fengyun 1C debris,Payload Fragmentation Debris,,,,,,,,,,,,0,
30104,30107,1999-025RL,Fengyun 1C debris,Payload Fragmentation Debris,,,,,,,,,,,,0,
30076,30079,1999-025QG,Fengyun 1C debris,Payload Fragmentation Debris,,,,,,,,,,,,0,
30113,30116,1999-025RV,Fengyun 1C debris,Payload Fragmentation Debris,,,,,,,,,,,,0,
30112,30115,1999-025RU,Fengyun 1C debris,Payload Fragmentation Debris,,,,,,,,,,,,0,
30078,30081,1999-025QJ,Fengyun 1C debris,Payload Fragmentation Debris,,,,,,,,,,,,0,
30086,30089,1999-025QS,Fengyun 1C debris,Payload Fragmentation Debris,,,,,,,,,,,,0,
30087,30090,1999-025QT,Fengyun 1C debris,Payload Fragmentation Debris,,,,,,,,,,,,0,
30111,30114,1999-025RT,Fengyun 1C debris,Payload Fragmentation Debris,,,,,,,,,,,,0,
30071,30074,1999-025QB,Fengyun 1C debris,Payload Fragmentation Debris,,,,,,,,,,,,0,
30083,30086,1999-025QP,Fengyun 1C debris,Payload Fragmentation Debris,,,,,,,,,,,,0,
30075,30078,1999-025QF,Fengyun 1C debris,Payload Fragmentation Debris,,,,,,,,,,,,0,
30101,30104,1999-025RH,Fengyun 1C debris,Payload Fragmentation Debris,,,,,,,,,,,,0,
30114,30117,1999-025RW,Fengyun 1C debris,Payload Fragmentation Debris,,,,,,,,,,,,0,
30109,30112,1999-025RR,Fengyun 1C debris,Payload Fragmentation Debris,,,,,,,,,,,,0,
30096,30099,1999-025RC,Fengyun 1C debris,Payload Fragmentation Debris,,,,,,,,,,,,0,
30105,30108,1999-025RM,Fengyun 1C debris,Payload Fragmentation Debris,,,,,,,,,,,,0,
30084,30087,1999-025QQ,Fengyun 1C debris,Payload Fragmentation Debris,,,,,,,,,,,,0,
30100,30103,1999-025RG,Fengyun 1C debris,Payload Fragmentation Debris,,,,,,,,,,,,0,
30102,30105,1999-025RJ,Fengyun 1C debris,Payload Fragmentation Debris,,,,,,,,,,,,0,
30117,30120,1999-025RZ,Fengyun 1C debris,Payload Fragmentation Debris,,,,,,,,,,,,0,
30116,30119,1999-025RY,Fengyun 1C debris,Payload Fragmentation Debris,,,,,,,,,,,,0,
30122,30125,1999-025SE,Fengyun 1C debris,Payload Fragmentation Debris,,,,,,,,,,,,0,
30125,30128,1999-025SH,Fengyun 1C debris,Payload Fragmentation Debris,,,,,,,,,,,,0,
30128,30131,1999-025SL,Fengyun 1C debris,Payload Fragmentation Debris,,,,,,,,,,,,0,
30120,30123,1999-025SC,Fengyun 1C debris,Payload Fragmentation Debris,,,,,,,,,,,,0,
30124,30127,1999-025SG,Fengyun 1C debris,Payload Fragmentation Debris,,,,,,,,,,,,0,
30118,30121,1999-025SA,Fengyun 1C debris,Payload Fragmentation Debris,,,,,,,,,,,,0,
30126,30129,1999-025SJ,Fengyun 1C debris,Payload Fragmentation Debris,,,,,,,,,,,,0,
30121,30124,1999-025SD,Fengyun 1C debris,Payload Fragmentation Debris,,,,,,,,,,,,0,
